{"name":"address","enabled":true,"flow":{"live":{"children":[{"type":"entry","children":[{"type":"event","contents":[{"type":"message-match","settings":{"patterns":["*address*","*pune*","*pimple*","*saudagar*","*stay*","*home*","*adress*","*addres*"]}}],"children":[{"type":"action","contents":[{"type":"compose-show","settings":{"seconds":2}}],"children":[{"type":"action","contents":[{"type":"message-send","settings":{"default":{"type":"text","content":"2nd & 3rd Floor, Meera Building,\nDurga Mata Colony, Behind Shivar\nGarden Restaurant, Pimple Saudagar,\nPune, Maharashtra 411027, India"}}}],"children":[{"type":"exit","contents":[{"type":"scenario","settings":{"scenario":"contact"}}]},{"type":"exit","contents":[{"type":"scenario","settings":{"scenario":"services"}}]},{"type":"exit","contents":[{"type":"scenario","settings":{"scenario":"location"}}]},{"type":"exit","contents":[{"type":"scenario","settings":{"scenario":"time"}}]},{"type":"exit","contents":[{"type":"scenario","settings":{"scenario":"email"}}]}]}]}]}]}]},"draft":{"children":[{"type":"entry","children":[{"type":"event","contents":[{"type":"message-match","settings":{"patterns":["*address*","*pune*","*pimple*","*saudagar*","*stay*","*home*","*adress*","*addres*"]}}],"children":[{"type":"action","contents":[{"type":"compose-show","settings":{"seconds":2}}],"children":[{"type":"action","contents":[{"type":"message-send","settings":{"default":{"type":"text","content":"2nd & 3rd Floor, Meera Building,\nDurga Mata Colony, Behind Shivar\nGarden Restaurant, Pimple Saudagar,\nPune, Maharashtra 411027, India"}}}],"children":[{"type":"exit","contents":[{"type":"scenario","settings":{"scenario":"contact"}}]},{"type":"exit","contents":[{"type":"scenario","settings":{"scenario":"services"}}]},{"type":"exit","contents":[{"type":"scenario","settings":{"scenario":"location"}}]},{"type":"exit","contents":[{"type":"scenario","settings":{"scenario":"time"}}]},{"type":"exit","contents":[{"type":"scenario","settings":{"scenario":"email"}}]}]}]}]}]}]}}}