{"name":"contact","enabled":true,"flow":{"draft":{"children":[{"type":"entry","children":[{"type":"event","contents":[{"type":"message-match","settings":{"patterns":["*contact*","*Contact*","*Mobile*","*mobile*","*phone*","*Phone*","*No*","*number*","*Number*","*whatsapp*","*WhatsApp*","*Whatsapp*","*whats*"]}}],"children":[{"type":"action","contents":[{"type":"message-send","settings":{"default":{"type":"text","content":"8421060192"}}}],"children":[{"type":"event","contents":[{"type":"message-match","settings":{"patterns":["*address*","*Address*","*pune*","*pimple*","*saudagar*"]}}],"children":[{"type":"action","contents":[{"type":"message-send","settings":{"default":{"type":"text","content":"2nd & 3rd Floor, Meera Building,\nDurga Mata Colony, Behind Shivar\nGarden Restaurant, Pimple Saudagar,\nPune, Maharashtra 411027, India"}}}],"children":[{"type":"event","contents":[{"type":"message-match","settings":{"patterns":["*Serives*","*services*","*service*","*role*","*Role*","*Solution*","*solution*","*facility*","*system*","*implementation*","*execute*","* resource*"]}}],"children":[{"type":"action","contents":[{"type":"message-send","settings":{"default":{"type":"text","content":"Web Link Services provide a much appreciated service for Customize Internet Marketing, Web Promotion, Portal Promotion, Hosting Server, Domain, Email Marketing, Multi Language Website, Local Business Promotion, International Marketing, SEO Consultant Services, Google Promotion, Website Maintenance, Website Redesigning, Bulk SMS Marketing Campaigns company offering professional services to different parts of the world."}}}],"children":[{"type":"event","contents":[{"type":"message-match","settings":{"patterns":["*location*","*Location*","*map*","*Map*"]}}],"children":[{"type":"action","contents":[{"type":"message-send","settings":{"default":{"type":"text","content":"https://goo.gl/maps/H5Q34PU68RzgCF3W8"}}}],"children":[{"type":"event","contents":[{"type":"message-match","settings":{"patterns":["*time*","*Working*","*working*","*hourse*","*am*","*pm*","*day*","*Days*","*monday*","*tuesday*","*wednesday*","*thursday*","*friday*","*saturday*","*sunday*"]}}],"children":[{"type":"action","contents":[{"type":"message-send","settings":{"default":{"type":"text","content":"Open -Mon – Sat : 9:30AM – 6:30PM\nSunday - closed"}}}],"children":[{"type":"event","contents":[{"type":"message-match","settings":{"patterns":["*about us*","*company*","*yourself*"]}}],"children":[{"type":"action","contents":[{"type":"message-send","settings":{"default":{"type":"text","content":"Web Link Services Pvt. Ltd., is a professional website design & development company based in Pune, India offering high-quality web designing, web development, and search engine optimization company."}}}],"children":[{"type":"event","contents":[{"type":"message-match","settings":{"patterns":["*Email*","*email*","*E-mail*","*e-mail*","*mail*","*id*","*gmail*"]}}],"children":[{"type":"action","contents":[{"type":"message-send","settings":{"default":{"type":"text","content":"info@weblinkservices.net\n\nsales@weblinkservices.net"}}}],"children":[{"type":"event","contents":[{"type":"message-match","settings":{"patterns":["*fb*","*Fb*","*Facebook*","*facebook*"]}}],"children":[{"type":"action","contents":[{"type":"message-send","settings":{"default":{"type":"text","content":"https://www.facebook.com/WebLinkServicesPvtLtd/"}}}],"children":[{"type":"event","contents":[{"type":"message-match","settings":{"patterns":["*hi*","*Hii*","*hello*","*Hello*"]}}],"children":[{"type":"action","contents":[{"type":"message-send","settings":{"default":{"type":"field","content":{"id":"name","text":"Your name?","explain":"John"}}}}],"children":[{"type":"action","contents":[{"type":"message-send","settings":{"default":{"type":"field","content":{"id":"phone","text":"Your mobile number?","explain":"+91"}}}}],"children":[{"type":"action","contents":[{"type":"message-send","settings":{"default":{"type":"field","content":{"id":"city","text":"Which city where it is located?","explain":"pune"}}}}],"children":[]}]},{"type":"action","contents":[{"type":"message-send","settings":{"default":{"type":"field","content":{"id":"email","text":"Your e-mail address?","explain":"info@gmail.com"}}}}],"children":[]}]}]}]}]}]}]}]}]}]}]}]}]}]}]}]}]}]}]}]}]},"live":{"children":[{"type":"entry","children":[{"type":"event","contents":[{"type":"message-match","settings":{"patterns":["*contact*","*Contact*","*Mobile*","*mobile*","*phone*","*Phone*","*No*","*number*","*Number*","*whatsapp*","*WhatsApp*","*Whatsapp*","*whats*"]}}],"children":[{"type":"action","contents":[{"type":"message-send","settings":{"default":{"type":"text","content":"8421060192"}}}],"children":[{"type":"event","contents":[{"type":"message-match","settings":{"patterns":["*address*","*Address*","*pune*","*pimple*","*saudagar*"]}}],"children":[{"type":"action","contents":[{"type":"message-send","settings":{"default":{"type":"text","content":"2nd & 3rd Floor, Meera Building,\nDurga Mata Colony, Behind Shivar\nGarden Restaurant, Pimple Saudagar,\nPune, Maharashtra 411027, India"}}}],"children":[{"type":"event","contents":[{"type":"message-match","settings":{"patterns":["*Serives*","*services*","*service*","*role*","*Role*","*Solution*","*solution*","*facility*","*system*","*implementation*","*execute*","* resource*"]}}],"children":[{"type":"action","contents":[{"type":"message-send","settings":{"default":{"type":"text","content":"Web Link Services provide a much appreciated service for Customize Internet Marketing, Web Promotion, Portal Promotion, Hosting Server, Domain, Email Marketing, Multi Language Website, Local Business Promotion, International Marketing, SEO Consultant Services, Google Promotion, Website Maintenance, Website Redesigning, Bulk SMS Marketing Campaigns company offering professional services to different parts of the world."}}}],"children":[{"type":"event","contents":[{"type":"message-match","settings":{"patterns":["*location*","*Location*","*map*","*Map*"]}}],"children":[{"type":"action","contents":[{"type":"message-send","settings":{"default":{"type":"text","content":"https://goo.gl/maps/H5Q34PU68RzgCF3W8"}}}],"children":[{"type":"event","contents":[{"type":"message-match","settings":{"patterns":["*time*","*Working*","*working*","*hourse*","*am*","*pm*","*day*","*Days*","*monday*","*tuesday*","*wednesday*","*thursday*","*friday*","*saturday*","*sunday*"]}}],"children":[{"type":"action","contents":[{"type":"message-send","settings":{"default":{"type":"text","content":"Open -Mon – Sat : 9:30AM – 6:30PM\nSunday - closed"}}}],"children":[{"type":"event","contents":[{"type":"message-match","settings":{"patterns":["*about us*","*company*","*yourself*"]}}],"children":[{"type":"action","contents":[{"type":"message-send","settings":{"default":{"type":"text","content":"Web Link Services Pvt. Ltd., is a professional website design & development company based in Pune, India offering high-quality web designing, web development, and search engine optimization company."}}}],"children":[{"type":"event","contents":[{"type":"message-match","settings":{"patterns":["*Email*","*email*","*E-mail*","*e-mail*","*mail*","*id*","*gmail*"]}}],"children":[{"type":"action","contents":[{"type":"message-send","settings":{"default":{"type":"text","content":"info@weblinkservices.net\n\nsales@weblinkservices.net"}}}],"children":[{"type":"event","contents":[{"type":"message-match","settings":{"patterns":["*fb*","*Fb*","*Facebook*","*facebook*"]}}],"children":[{"type":"action","contents":[{"type":"message-send","settings":{"default":{"type":"text","content":"https://www.facebook.com/WebLinkServicesPvtLtd/"}}}],"children":[{"type":"event","contents":[{"type":"message-match","settings":{"patterns":["*hi*","*Hii*","*hello*","*Hello*"]}}],"children":[{"type":"action","contents":[{"type":"message-send","settings":{"default":{"type":"field","content":{"id":"name","text":"Your name?","explain":"John"}}}}],"children":[{"type":"action","contents":[{"type":"message-send","settings":{"default":{"type":"field","content":{"id":"phone","text":"Your mobile number?","explain":"+91"}}}}],"children":[{"type":"action","contents":[{"type":"message-send","settings":{"default":{"type":"field","content":{"id":"city","text":"Which city where it is located?","explain":"pune"}}}}],"children":[]}]},{"type":"action","contents":[{"type":"message-send","settings":{"default":{"type":"field","content":{"id":"email","text":"Your e-mail address?","explain":"info@gmail.com"}}}}],"children":[]}]}]}]}]}]}]}]}]}]}]}]}]}]}]}]}]}]}]}]}]}}}