{"name":"data","enabled":true,"flow":{"live":{"children":[{"type":"entry","children":[{"type":"event","contents":[{"type":"message-match","settings":{"patterns":["*"]}}],"children":[{"type":"action","contents":[{"type":"compose-show","settings":{"seconds":2}}],"children":[{"type":"action","contents":[{"type":"message-send","settings":{"default":{"type":"text","content":"Hi, thanks for contacting us...!\nCan you please share with us:"}}}],"children":[{"type":"action","contents":[{"type":"message-send","settings":{"default":{"type":"text","content":"Your name?"}}}],"children":[{"type":"event","contents":[{"type":"message-match","settings":{"patterns":["*"]}}],"children":[{"type":"action","contents":[{"type":"compose-show","settings":{"seconds":2}}],"children":[{"type":"action","contents":[{"type":"message-send","settings":{"default":{"type":"text","content":"Your mobile number?"}}}],"children":[{"type":"event","contents":[{"type":"message-match","settings":{"patterns":["*"]}}],"children":[{"type":"action","contents":[{"type":"compose-show","settings":{"seconds":2}}],"children":[{"type":"action","contents":[{"type":"message-send","settings":{"default":{"type":"text","content":"Where do you stay/city ?"}}}],"children":[{"type":"event","contents":[{"type":"message-match","settings":{"patterns":["*"]}}],"children":[{"type":"action","contents":[{"type":"compose-show","settings":{"seconds":2}}],"children":[{"type":"action","contents":[{"type":"message-send","settings":{"default":{"type":"picker","content":{"id":"who","text":"Services You are looking for ?","choices":[{"value":"website","label":"Website Designing","selected":false},{"value":"software","label":"Software Development","selected":false},{"value":"digital-marketing","label":"Digital Marketing","selected":false},{"value":"hosting","label":"Hosting","selected":false},{"value":"email","label":"Professional Email","selected":false}]}}}}],"children":[{"type":"action","contents":[{"type":"wait","settings":{"seconds":6}}],"children":[{"type":"action","contents":[{"type":"message-send","settings":{"default":{"type":"text","content":"We will reply as soon as possible."}}}],"children":[{"type":"action","contents":[{"type":"compose-show","settings":{"seconds":2}}],"children":[{"type":"action","contents":[{"type":"message-send","settings":{"default":{"type":"text","content":"Got any questions? I'm happy to help."}}}],"children":[{"type":"event","contents":[{"type":"message-match","settings":{"patterns":["*contact*","*mobile*","*phone*","*number*","*WhatsApp*","*No*","*call*","*mob*","*mo*"]}}],"children":[{"type":"action","contents":[{"type":"compose-show","settings":{"seconds":2}}],"children":[{"type":"action","contents":[{"type":"message-send","settings":{"default":{"type":"text","content":"8421060192"}}}]}]}]},{"type":"event","contents":[{"type":"message-match","settings":{"patterns":["*address*","*pune*","*pimple*","*saudagar*","*shivar*","*hotel*","*adress*","*addres*","*home*","*stay*"]}}],"children":[{"type":"action","contents":[{"type":"compose-show","settings":{"seconds":2}}],"children":[{"type":"action","contents":[{"type":"message-send","settings":{"default":{"type":"text","content":"2nd & 3rd Floor, Meera Building,\nDurga Mata Colony, Behind Shivar\nGarden Restaurant, Pimple Saudagar,\nPune, Maharashtra 411027, India"}}}]}]}]}]}]}]}]}]}]}]}]}]}]}]}]}]}]}]}]}]}]}]},"draft":{"children":[{"type":"entry","children":[{"type":"event","contents":[{"type":"message-match","settings":{"patterns":["*"]}}],"children":[{"type":"action","contents":[{"type":"compose-show","settings":{"seconds":2}}],"children":[{"type":"action","contents":[{"type":"message-send","settings":{"default":{"type":"text","content":"Hi, thanks for contacting us...!\nCan you please share with us:"}}}],"children":[{"type":"action","contents":[{"type":"message-send","settings":{"default":{"type":"text","content":"Your name?"}}}],"children":[{"type":"event","contents":[{"type":"message-match","settings":{"patterns":["*"]}}],"children":[{"type":"action","contents":[{"type":"compose-show","settings":{"seconds":2}}],"children":[{"type":"action","contents":[{"type":"message-send","settings":{"default":{"type":"text","content":"Your mobile number?"}}}],"children":[{"type":"event","contents":[{"type":"message-match","settings":{"patterns":["*"]}}],"children":[{"type":"action","contents":[{"type":"compose-show","settings":{"seconds":2}}],"children":[{"type":"action","contents":[{"type":"message-send","settings":{"default":{"type":"text","content":"Where do you stay/city ?"}}}],"children":[{"type":"event","contents":[{"type":"message-match","settings":{"patterns":["*"]}}],"children":[{"type":"action","contents":[{"type":"compose-show","settings":{"seconds":2}}],"children":[{"type":"action","contents":[{"type":"message-send","settings":{"default":{"type":"picker","content":{"id":"who","text":"Services You are looking for ?","choices":[{"value":"website","label":"Website Designing","selected":false},{"value":"software","label":"Software Development","selected":false},{"value":"digital-marketing","label":"Digital Marketing","selected":false},{"value":"hosting","label":"Hosting","selected":false},{"value":"email","label":"Professional Email","selected":false}]}}}}],"children":[{"type":"action","contents":[{"type":"wait","settings":{"seconds":6}}],"children":[{"type":"action","contents":[{"type":"message-send","settings":{"default":{"type":"text","content":"We will reply as soon as possible."}}}],"children":[{"type":"action","contents":[{"type":"compose-show","settings":{"seconds":2}}],"children":[{"type":"action","contents":[{"type":"message-send","settings":{"default":{"type":"text","content":"Got any questions? I'm happy to help."}}}],"children":[{"type":"event","contents":[{"type":"message-match","settings":{"patterns":["*contact*","*mobile*","*phone*","*number*","*WhatsApp*","*No*","*call*","*mob*","*mo*"]}}],"children":[{"type":"action","contents":[{"type":"compose-show","settings":{"seconds":2}}],"children":[{"type":"action","contents":[{"type":"message-send","settings":{"default":{"type":"text","content":"8421060192"}}}]}]}]},{"type":"event","contents":[{"type":"message-match","settings":{"patterns":["*address*","*pune*","*pimple*","*saudagar*","*shivar*","*hotel*","*adress*","*addres*","*home*","*stay*"]}}],"children":[{"type":"action","contents":[{"type":"compose-show","settings":{"seconds":2}}],"children":[{"type":"action","contents":[{"type":"message-send","settings":{"default":{"type":"text","content":"2nd & 3rd Floor, Meera Building,\nDurga Mata Colony, Behind Shivar\nGarden Restaurant, Pimple Saudagar,\nPune, Maharashtra 411027, India"}}}]}]}]}]}]}]}]}]}]}]}]}]}]}]}]}]}]}]}]}]}]}]}}}