{"name":"Email","enabled":true,"flow":{"live":{"children":[{"type":"entry","children":[{"type":"event","contents":[{"type":"message-match","settings":{"patterns":["*Email*","*e-mail*","*mail*","*gmail*","*id*"]}}],"children":[{"type":"action","contents":[{"type":"compose-show","settings":{"seconds":2}}],"children":[{"type":"action","contents":[{"type":"message-send","settings":{"default":{"type":"text","content":"info@weblinkservices.net\nsales@weblinkservices.net"}}}]}]}]}]}]},"draft":{"children":[{"type":"entry","children":[{"type":"event","contents":[{"type":"message-match","settings":{"patterns":["*Email*","*e-mail*","*mail*","*gmail*","*id*"]}}],"children":[{"type":"action","contents":[{"type":"compose-show","settings":{"seconds":2}}],"children":[{"type":"action","contents":[{"type":"message-send","settings":{"default":{"type":"text","content":"info@weblinkservices.net\nsales@weblinkservices.net"}}}],"children":[{"type":"exit","contents":[{"type":"scenario","settings":{"scenario":"contact"}}]},{"type":"exit","contents":[{"type":"scenario","settings":{"scenario":"address"}}]},{"type":"exit","contents":[{"type":"scenario","settings":{"scenario":"services"}}]},{"type":"exit","contents":[{"type":"scenario","settings":{"scenario":"location"}}]},{"type":"exit","contents":[{"type":"scenario","settings":{"scenario":"time"}}]}]}]}]}]}]}}}