{"name":"location","enabled":true,"flow":{"live":{"children":[{"type":"entry","children":[{"type":"event","contents":[{"type":"message-match","settings":{"patterns":["*map*","*location*"]}}],"children":[{"type":"action","contents":[{"type":"compose-show","settings":{"seconds":2}}],"children":[{"type":"action","contents":[{"type":"message-send","settings":{"default":{"type":"text","content":"https://www.google.com/maps/place/Web+Link+Services+Pvt.+Ltd./@18.5930571,73.784327,16z/data=!4m5!3m4!1s0x0:0x3660fff14cfc2cd9!8m2!3d18.5946954!4d73.7867959"}}}],"children":[{"type":"exit","contents":[{"type":"scenario","settings":{"scenario":"contact"}}]},{"type":"exit","contents":[{"type":"scenario","settings":{"scenario":"address"}}]},{"type":"exit","contents":[{"type":"scenario","settings":{"scenario":"services"}}]},{"type":"exit","contents":[{"type":"scenario","settings":{"scenario":"time"}}]},{"type":"exit","contents":[{"type":"scenario","settings":{"scenario":"email"}}]}]}]}]}]}]},"draft":{"children":[{"type":"entry","children":[{"type":"event","contents":[{"type":"message-match","settings":{"patterns":["*map*","*location*"]}}],"children":[{"type":"action","contents":[{"type":"compose-show","settings":{"seconds":2}}],"children":[{"type":"action","contents":[{"type":"message-send","settings":{"default":{"type":"text","content":"https://www.google.com/maps/place/Web+Link+Services+Pvt.+Ltd./@18.5930571,73.784327,16z/data=!4m5!3m4!1s0x0:0x3660fff14cfc2cd9!8m2!3d18.5946954!4d73.7867959"}}}],"children":[{"type":"exit","contents":[{"type":"scenario","settings":{"scenario":"contact"}}]},{"type":"exit","contents":[{"type":"scenario","settings":{"scenario":"address"}}]},{"type":"exit","contents":[{"type":"scenario","settings":{"scenario":"services"}}]},{"type":"exit","contents":[{"type":"scenario","settings":{"scenario":"time"}}]},{"type":"exit","contents":[{"type":"scenario","settings":{"scenario":"email"}}]}]}]}]}]}]}}}