{"name":"services","enabled":true,"flow":{"live":{"children":[{"type":"entry","children":[{"type":"event","contents":[{"type":"message-match","settings":{"patterns":["*services*","*role*","*solution*","*sale*","*facility*","*system*","*implentation*","*execute*","*resource*"]}}],"children":[{"type":"action","contents":[{"type":"compose-show","settings":{"seconds":2}}],"children":[{"type":"action","contents":[{"type":"message-send","settings":{"default":{"type":"text","content":"Web Link Services provide a much appreciated service for\nCustomize Internet Marketing,\nDigital Marketing\nWeb Promotion,\nPortal Promotion, \nHosting Server, \nDomain, \nEmail Marketing, \nMulti Language Website, \nLocal Business Promotion, \nInternational Marketing, \nSEO Consultant Services, \nGoogle Promotion, \nWebsite Maintenance, \nWebsite Redesigning, \nBulk SMS Marketing Campaigns company offering professional services to different parts of the world."}}}],"children":[{"type":"exit","contents":[{"type":"scenario","settings":{"scenario":"contact"}}]},{"type":"exit","contents":[{"type":"scenario","settings":{"scenario":"address"}}]},{"type":"exit","contents":[{"type":"scenario","settings":{"scenario":"location"}}]},{"type":"exit","contents":[{"type":"scenario","settings":{"scenario":"time"}}]},{"type":"exit","contents":[{"type":"scenario","settings":{"scenario":"email"}}]}]}]}]}]}]},"draft":{"children":[{"type":"entry","children":[{"type":"event","contents":[{"type":"message-match","settings":{"patterns":["*services*","*role*","*solution*","*sale*","*facility*","*system*","*implentation*","*execute*","*resource*"]}}],"children":[{"type":"action","contents":[{"type":"compose-show","settings":{"seconds":2}}],"children":[{"type":"action","contents":[{"type":"message-send","settings":{"default":{"type":"text","content":"Web Link Services provide a much appreciated service for\nCustomize Internet Marketing,\nDigital Marketing\nWeb Promotion,\nPortal Promotion, \nHosting Server, \nDomain, \nEmail Marketing, \nMulti Language Website, \nLocal Business Promotion, \nInternational Marketing, \nSEO Consultant Services, \nGoogle Promotion, \nWebsite Maintenance, \nWebsite Redesigning, \nBulk SMS Marketing Campaigns company offering professional services to different parts of the world."}}}],"children":[{"type":"exit","contents":[{"type":"scenario","settings":{"scenario":"contact"}}]},{"type":"exit","contents":[{"type":"scenario","settings":{"scenario":"address"}}]},{"type":"exit","contents":[{"type":"scenario","settings":{"scenario":"location"}}]},{"type":"exit","contents":[{"type":"scenario","settings":{"scenario":"time"}}]},{"type":"exit","contents":[{"type":"scenario","settings":{"scenario":"email"}}]}]}]}]}]}]}}}