{"name":"time","enabled":true,"flow":{"live":{"children":[{"type":"entry","children":[{"type":"event","contents":[{"type":"message-match","settings":{"patterns":["*time*","*working*","*Hourse*","*am*","*pm*","*days*","*day*","*Monday*","*Tuesday*","*Wednesday*","*Thursday*","*Friday*","*Saturday*","*sunday*","*open*","*office*","*Closed*","*come*","*today's*"]}}],"children":[{"type":"action","contents":[{"type":"compose-show","settings":{"seconds":2}}],"children":[{"type":"action","contents":[{"type":"message-send","settings":{"default":{"type":"text","content":"Open - Mon – Sat : 9:30AM – 6:30PM\nSunday - Closed"}}}],"children":[{"type":"exit","contents":[{"type":"scenario","settings":{"scenario":"contact"}}]},{"type":"exit","contents":[{"type":"scenario","settings":{"scenario":"address"}}]},{"type":"exit","contents":[{"type":"scenario","settings":{"scenario":"services"}}]},{"type":"exit","contents":[{"type":"scenario","settings":{"scenario":"location"}}]},{"type":"exit","contents":[{"type":"scenario","settings":{"scenario":"email"}}]}]}]}]}]}]},"draft":{"children":[{"type":"entry","children":[{"type":"event","contents":[{"type":"message-match","settings":{"patterns":["*time*","*working*","*Hourse*","*am*","*pm*","*days*","*day*","*Monday*","*Tuesday*","*Wednesday*","*Thursday*","*Friday*","*Saturday*","*sunday*","*open*","*office*","*Closed*","*come*","*today's*"]}}],"children":[{"type":"action","contents":[{"type":"compose-show","settings":{"seconds":2}}],"children":[{"type":"action","contents":[{"type":"message-send","settings":{"default":{"type":"text","content":"Open - Mon – Sat : 9:30AM – 6:30PM\nSunday - Closed"}}}],"children":[{"type":"exit","contents":[{"type":"scenario","settings":{"scenario":"contact"}}]},{"type":"exit","contents":[{"type":"scenario","settings":{"scenario":"address"}}]},{"type":"exit","contents":[{"type":"scenario","settings":{"scenario":"services"}}]},{"type":"exit","contents":[{"type":"scenario","settings":{"scenario":"location"}}]},{"type":"exit","contents":[{"type":"scenario","settings":{"scenario":"email"}}]}]}]}]}]}]}}}